[
  {
    "value": "zombies",
    "synonyms": [
      "zombies",
      "zombie",
      "muertos",
      "no muertos",
      "muertos vivientes",
      "infectados"
    ]
  },
  {
    "value": "vampiros",
    "synonyms": [
      "vampiros",
      "vampiro",
      "chupasangre",
      "Drácula",
      "chupador de sangre"
    ]
  },
  {
    "value": "hombres lobo",
    "synonyms": [
      "hombres lobo",
      "hombre lobo",
      "licantropo",
      "lobizon",
      "hombres bestia",
      "hombre bestia"
    ]
  },
  {
    "value": "fantasmas",
    "synonyms": [
      "fantasmas",
      "fantasma",
      "almas errantes",
      "alma errante",
      "espiritus",
      "espiritu"
    ]
  }
]