{
    "data": {
        "lookups": [
            "keywords",
            "free-text"
        ],
        "name": "existir",
        "lang": "es",
        "id": "existir",
        "doc": "User-defined entity",
        "builtin": false,
        "values": [
            {
                "value": "zombies",
                "expressions": [
                    "infectados",
                    "muertos vivientes",
                    "no muertos",
                    "muertos",
                    "zombie",
                    "zombies"
                ]
            },
            {
                "value": "vampiros",
                "expressions": [
                    "chupador de sangre",
                    "Dr\u00e1cula",
                    "chupasangre",
                    "vampiro",
                    "vampiros"
                ]
            },
            {
                "value": "hombres lobo",
                "expressions": [
                    "hombre bestia",
                    "hombres bestia",
                    "lobizon",
                    "licantropo",
                    "hombre lobo",
                    "hombres lobo",
                    "licantropos"
                ]
            },
            {
                "value": "fantasmas",
                "expressions": [
                    "espiritu",
                    "espiritus",
                    "poltergeist",
                    "alma errante",
                    "almas errantes",
                    "fantasma",
                    "fantasmas"
                ]
            }
        ]
    }
}
