{
    "data": [
        {
            "text": "Hola",
            "entities": []
        },
        {
            "text": "hola",
            "entities": []
        },
        {
            "text": "\u00bfC\u00f3mo matar a un zombie?",
            "entities": []
        },
        {
            "text": "\u00bfC\u00f3mo sobrevivir a un apocalipsis zombie?",
            "entities": [
                {
                    "entity": "sobrevivir",
                    "value": "\"zombies\"",
                    "start": 34,
                    "end": 40
                }
            ]
        },
        {
            "text": "\u00bfQu\u00e9 son los zombies?",
            "entities": []
        },
        {
            "text": "\u00bfQu\u00e9 es un zombie?",
            "entities": [
                {
                    "entity": "ser",
                    "value": "\"zombies\"",
                    "start": 11,
                    "end": 17
                }
            ]
        },
        {
            "text": "\u00bfQu\u00e9 es un fantasma?",
            "entities": [
                {
                    "entity": "ser",
                    "value": "\"fantasmas\"",
                    "start": 11,
                    "end": 19
                }
            ]
        },
        {
            "text": "\u00bfQu\u00e9 es un hombre lobo?",
            "entities": [
                {
                    "entity": "ser",
                    "value": "\"hombres lobo\"",
                    "start": 11,
                    "end": 22
                }
            ]
        },
        {
            "text": "Expl\u00edcame qu\u00e9 es un lobizon.",
            "entities": [
                {
                    "entity": "ser",
                    "value": "\"hombres lobo\"",
                    "start": 20,
                    "end": 27
                }
            ]
        },
        {
            "text": "Dime, \u00bfQu\u00e9 sabes de Dr\u00e1cula?",
            "entities": [
                {
                    "entity": "ser",
                    "value": "\"vampiros\"",
                    "start": 20,
                    "end": 27
                }
            ]
        },
        {
            "text": "\u00bfC\u00f3mo eliminar a un hombre lobo?",
            "entities": [
                {
                    "entity": "eliminar",
                    "value": "\"hombres lobo\"",
                    "start": 20,
                    "end": 31
                }
            ]
        },
        {
            "text": "\u00bfC\u00f3mo puedo eliminar a un fantasma?",
            "entities": [
                {
                    "entity": "eliminar",
                    "value": "\"fantasmas\"",
                    "start": 26,
                    "end": 34
                }
            ]
        },
        {
            "text": "Me gustar\u00eda saber c\u00f3mo puedo eliminar a Dr\u00e1cula.",
            "entities": [
                {
                    "entity": "eliminar",
                    "value": "\"vampiros\"",
                    "start": 40,
                    "end": 47
                }
            ]
        },
        {
            "text": "\u00bfC\u00f3mo matar a un infectado?",
            "entities": [
                {
                    "entity": "eliminar",
                    "value": "\"zombies\"",
                    "start": 17,
                    "end": 26
                }
            ]
        },
        {
            "text": "\u00bfC\u00f3mo puedo eliminar a un poltergeist?",
            "entities": [
                {
                    "entity": "eliminar",
                    "value": "\"fantasmas\"",
                    "start": 26,
                    "end": 37
                }
            ]
        },
        {
            "text": "\u00bfC\u00f3mo se elimina a un lic\u00e1ntropo?",
            "entities": [
                {
                    "entity": "eliminar",
                    "value": "\"hombres lobo\"",
                    "start": 22,
                    "end": 32
                }
            ]
        },
        {
            "text": "Quiero aprender a matar zombies.",
            "entities": [
                {
                    "entity": "eliminar",
                    "value": "\"zombies\"",
                    "start": 24,
                    "end": 31
                }
            ]
        },
        {
            "text": "\u00bfRealmente existen los fantasmas?",
            "entities": [
                {
                    "entity": "existir",
                    "value": "\"fantasmas\"",
                    "start": 23,
                    "end": 32
                }
            ]
        },
        {
            "text": "\u00bfExisten los hombres lobo?",
            "entities": [
                {
                    "entity": "existir",
                    "value": "\"hombres lobo\"",
                    "start": 13,
                    "end": 25
                }
            ]
        },
        {
            "text": "\u00bfLos vampiros existen?",
            "entities": [
                {
                    "entity": "existir",
                    "value": "\"vampiros\"",
                    "start": 5,
                    "end": 13
                }
            ]
        },
        {
            "text": "\u00bfExisten los licantropos?",
            "entities": [
                {
                    "entity": "existir",
                    "value": "\"hombres lobo\"",
                    "start": 13,
                    "end": 24
                }
            ]
        },
        {
            "text": "Enfrentar a un poltergeist.",
            "entities": [
                {
                    "entity": "sobrevivir",
                    "value": "\"fantasmas\"",
                    "start": 15,
                    "end": 26
                }
            ]
        },
        {
            "text": "\u00bfC\u00f3mo puedo sobrevivir a los vampiros?",
            "entities": [
                {
                    "entity": "sobrevivir",
                    "value": "\"vampiros\"",
                    "start": 29,
                    "end": 37
                }
            ]
        },
        {
            "text": "Debo enfrentar a un hombre lobo.",
            "entities": [
                {
                    "entity": "sobrevivir",
                    "value": "\"hombres lobo\"",
                    "start": 20,
                    "end": 31
                }
            ]
        },
        {
            "text": "\u00bfC\u00f3mo sobrevivir a un lobizon?",
            "entities": [
                {
                    "entity": "sobrevivir",
                    "value": "\"hombres lobo\"",
                    "start": 22,
                    "end": 29
                }
            ]
        }
    ]
}
