[
  {
    "id": "36fc760a-540e-4f15-84ce-b83fd7331fd5",
    "data": [
      {
        "text": "Me gustaría saber cómo puedo eliminar a ",
        "userDefined": false
      },
      {
        "text": "Drácula",
        "alias": "eliminar",
        "meta": "@eliminar",
        "userDefined": false
      },
      {
        "text": ".",
        "userDefined": false
      }
    ],
    "isTemplate": false,
    "count": 0,
    "updated": 1541588815
  },
  {
    "id": "fe835149-4adf-4778-a3f8-3508c64cabb5",
    "data": [
      {
        "text": "Quiero aprender a matar ",
        "userDefined": false
      },
      {
        "text": "vampiros",
        "alias": "eliminar",
        "meta": "@eliminar",
        "userDefined": false
      },
      {
        "text": ".",
        "userDefined": false
      }
    ],
    "isTemplate": false,
    "count": 0,
    "updated": 1541588815
  }
]