[
  {
    "id": "be0296ff-cc98-4a08-a020-f4d6b163be46",
    "data": [
      {
        "text": "¿Cómo matar a ",
        "userDefined": false
      },
      {
        "text": "un",
        "meta": "@sys.ignore",
        "userDefined": false
      },
      {
        "text": " ",
        "userDefined": false
      },
      {
        "text": "infectado",
        "alias": "eliminar",
        "meta": "@eliminar",
        "userDefined": false
      },
      {
        "text": "?",
        "userDefined": false
      }
    ],
    "isTemplate": false,
    "count": 0,
    "updated": 1541588932
  },
  {
    "id": "121cbef6-2191-40aa-b701-98f78804787f",
    "data": [
      {
        "text": "Quiero aprender a matar ",
        "userDefined": false
      },
      {
        "text": "zombies",
        "alias": "eliminar",
        "meta": "@eliminar",
        "userDefined": false
      },
      {
        "text": ".",
        "userDefined": false
      }
    ],
    "isTemplate": false,
    "count": 0,
    "updated": 1541588932
  }
]