[
  {
    "id": "460e03a4-3bc0-49d6-aee8-fb845991da7a",
    "data": [
      {
        "text": "¿Cómo se elimina a ",
        "userDefined": false
      },
      {
        "text": "un",
        "meta": "@sys.ignore",
        "userDefined": false
      },
      {
        "text": " ",
        "userDefined": false
      },
      {
        "text": "licántropo",
        "alias": "eliminar",
        "meta": "@eliminar",
        "userDefined": false
      },
      {
        "text": "?",
        "userDefined": false
      }
    ],
    "isTemplate": false,
    "count": 0,
    "updated": 1541588986
  },
  {
    "id": "7e703a13-3f8b-4675-bdd5-f555635ea568",
    "data": [
      {
        "text": "¿Cómo eliminar a ",
        "userDefined": false
      },
      {
        "text": "un",
        "meta": "@sys.ignore",
        "userDefined": false
      },
      {
        "text": " ",
        "userDefined": false
      },
      {
        "text": "hombre lobo",
        "alias": "eliminar",
        "meta": "@eliminar",
        "userDefined": false
      },
      {
        "text": "?",
        "userDefined": false
      }
    ],
    "isTemplate": false,
    "count": 0,
    "updated": 1541588986
  }
]