[
  {
    "id": "ff3fd496-0436-4db4-896e-03d3c7a50c60",
    "data": [
      {
        "text": "¿Cómo puedo eliminar a ",
        "userDefined": false
      },
      {
        "text": "un",
        "meta": "@sys.ignore",
        "userDefined": false
      },
      {
        "text": " ",
        "userDefined": false
      },
      {
        "text": "fantasma",
        "alias": "eliminar",
        "meta": "@eliminar",
        "userDefined": false
      },
      {
        "text": "?",
        "userDefined": false
      }
    ],
    "isTemplate": false,
    "count": 0,
    "updated": 1541588861
  }
]