[
  {
    "id": "ee60e921-69b5-4b7f-9dc6-3c9ab32a9a40",
    "data": [
      {
        "text": "¿Existen los ",
        "userDefined": false
      },
      {
        "text": "licantropos",
        "alias": "existir",
        "meta": "@existir",
        "userDefined": false
      },
      {
        "text": "?",
        "userDefined": false
      }
    ],
    "isTemplate": false,
    "count": 0,
    "updated": 1541589151
  },
  {
    "id": "8c2d0219-ba4d-48f0-8b68-f91810683aed",
    "data": [
      {
        "text": "¿Existen los ",
        "userDefined": false
      },
      {
        "text": "hombres lobo",
        "alias": "existir",
        "meta": "@existir",
        "userDefined": true
      },
      {
        "text": "?",
        "userDefined": false
      }
    ],
    "isTemplate": false,
    "count": 0,
    "updated": 1541589151
  }
]