[
  {
    "id": "f4850703-5270-4e3e-85ac-8d62de9448a9",
    "data": [
      {
        "text": "¿Qué es ",
        "userDefined": false
      },
      {
        "text": "un",
        "meta": "@sys.ignore",
        "userDefined": false
      },
      {
        "text": " ",
        "userDefined": false
      },
      {
        "text": "no muerto",
        "alias": "ser",
        "meta": "@ser",
        "userDefined": false
      },
      {
        "text": "?",
        "userDefined": false
      }
    ],
    "isTemplate": false,
    "count": 0,
    "updated": 1541588419
  },
  {
    "id": "7261bdcb-affb-4a3b-9266-97539291e335",
    "data": [
      {
        "text": "¿A qué le llaman ",
        "userDefined": false
      },
      {
        "text": "infectado",
        "alias": "ser",
        "meta": "@ser",
        "userDefined": false
      },
      {
        "text": "?",
        "userDefined": false
      }
    ],
    "isTemplate": false,
    "count": 0,
    "updated": 1541588419
  },
  {
    "id": "8abd13cc-c423-4ec4-9075-3b6086f8f4bb",
    "data": [
      {
        "text": "¿Qué es ",
        "userDefined": false
      },
      {
        "text": "un",
        "meta": "@sys.ignore",
        "userDefined": false
      },
      {
        "text": " ",
        "userDefined": false
      },
      {
        "text": "zombie",
        "alias": "ser",
        "meta": "@ser",
        "userDefined": true
      },
      {
        "text": "?",
        "userDefined": false
      }
    ],
    "isTemplate": false,
    "count": 0,
    "updated": 1541588419
  }
]