[
  {
    "id": "423098d9-e8e2-45c7-93ba-12d4b37533a6",
    "data": [
      {
        "text": "¿A qué le llaman ",
        "userDefined": false
      },
      {
        "text": "alma errante",
        "alias": "ser",
        "meta": "@ser",
        "userDefined": false
      },
      {
        "text": "?",
        "userDefined": false
      }
    ],
    "isTemplate": false,
    "count": 0,
    "updated": 1541588701
  },
  {
    "id": "a194f771-6472-4b13-8a17-3284bfe66443",
    "data": [
      {
        "text": "¿Qué son los ",
        "userDefined": false
      },
      {
        "text": "fantasmas",
        "alias": "ser",
        "meta": "@ser",
        "userDefined": false
      },
      {
        "text": "?",
        "userDefined": false
      }
    ],
    "isTemplate": false,
    "count": 0,
    "updated": 1541588701
  },
  {
    "id": "df6a5877-d570-4cdd-89c6-c08aca83b7c5",
    "data": [
      {
        "text": "¿Qué es ",
        "userDefined": false
      },
      {
        "text": "un",
        "meta": "@sys.ignore",
        "userDefined": false
      },
      {
        "text": " ",
        "userDefined": false
      },
      {
        "text": "fantasma",
        "alias": "ser",
        "meta": "@ser",
        "userDefined": true
      },
      {
        "text": "?",
        "userDefined": false
      }
    ],
    "isTemplate": false,
    "count": 0,
    "updated": 1541588701
  }
]