[
  {
    "id": "0de38baa-193c-4bd8-b323-e02c7993d4a4",
    "data": [
      {
        "text": "Explícame qué es ",
        "userDefined": false
      },
      {
        "text": "un",
        "meta": "@sys.ignore",
        "userDefined": false
      },
      {
        "text": " ",
        "userDefined": false
      },
      {
        "text": "lobizon",
        "alias": "ser",
        "meta": "@ser",
        "userDefined": false
      },
      {
        "text": ".",
        "userDefined": false
      }
    ],
    "isTemplate": false,
    "count": 0,
    "updated": 1541588607
  },
  {
    "id": "4d3c3922-a350-4ee1-8826-540d598debce",
    "data": [
      {
        "text": "¿Qué es ",
        "userDefined": false
      },
      {
        "text": "un",
        "meta": "@sys.ignore",
        "userDefined": false
      },
      {
        "text": " ",
        "userDefined": false
      },
      {
        "text": "hombre lobo",
        "alias": "ser",
        "meta": "@ser",
        "userDefined": true
      },
      {
        "text": "?",
        "userDefined": false
      }
    ],
    "isTemplate": false,
    "count": 0,
    "updated": 1541588607
  }
]