[
  {
    "id": "10def643-51b4-4532-8285-0e2a66578c83",
    "data": [
      {
        "text": "Dime, ¿Qué sabes de ",
        "userDefined": false
      },
      {
        "text": "Drácula",
        "alias": "ser",
        "meta": "@ser",
        "userDefined": false
      },
      {
        "text": "?",
        "userDefined": false
      }
    ],
    "isTemplate": false,
    "count": 0,
    "updated": 1541588509
  },
  {
    "id": "314e663a-63d0-413c-88f6-ac16dba28f51",
    "data": [
      {
        "text": "¿Por qué se llama ",
        "userDefined": false
      },
      {
        "text": "chupasangre",
        "alias": "ser",
        "meta": "@ser",
        "userDefined": false
      },
      {
        "text": "?",
        "userDefined": false
      }
    ],
    "isTemplate": false,
    "count": 0,
    "updated": 1541588509
  },
  {
    "id": "356f3e46-92ec-46d8-a230-ba810cb398cf",
    "data": [
      {
        "text": "¿Qué es ",
        "userDefined": false
      },
      {
        "text": "un",
        "meta": "@sys.ignore",
        "userDefined": false
      },
      {
        "text": " ",
        "userDefined": false
      },
      {
        "text": "vampiro",
        "alias": "ser",
        "meta": "@ser",
        "userDefined": true
      },
      {
        "text": "?",
        "userDefined": false
      }
    ],
    "isTemplate": false,
    "count": 0,
    "updated": 1541588509
  }
]