[
  {
    "id": "19e6f5b1-91f6-47a6-8891-7444e5bbf8cc",
    "data": [
      {
        "text": "¿Cómo sobrevivir a ",
        "userDefined": false
      },
      {
        "text": "un",
        "meta": "@sys.ignore",
        "userDefined": false
      },
      {
        "text": " ",
        "userDefined": false
      },
      {
        "text": "chupador de sangre",
        "alias": "sobrevivir",
        "meta": "@sobrevivir",
        "userDefined": false
      },
      {
        "text": "?",
        "userDefined": false
      }
    ],
    "isTemplate": false,
    "count": 0,
    "updated": 1541589319
  },
  {
    "id": "289bb947-3c93-4197-bba2-5d2b48ebb6db",
    "data": [
      {
        "text": "¿Cómo puedo sobrevivir a los ",
        "userDefined": false
      },
      {
        "text": "vampiros",
        "alias": "sobrevivir",
        "meta": "@sobrevivir",
        "userDefined": true
      },
      {
        "text": "?",
        "userDefined": false
      }
    ],
    "isTemplate": false,
    "count": 0,
    "updated": 1541589319
  }
]