[
  {
    "id": "b25c2b6d-e9af-4bc9-a5b7-e11f9e8b5d69",
    "data": [
      {
        "text": "¿Cómo sobrevivir a ",
        "userDefined": false
      },
      {
        "text": "un",
        "meta": "@sys.ignore",
        "userDefined": false
      },
      {
        "text": " apocalipsis ",
        "userDefined": false
      },
      {
        "text": "zombie",
        "alias": "sobrevivir",
        "meta": "@sobrevivir",
        "userDefined": true
      },
      {
        "text": "?",
        "userDefined": false
      }
    ],
    "isTemplate": false,
    "count": 0,
    "updated": 1541589252
  }
]