[
  {
    "id": "3ea4e333-9052-4f6e-9bab-5ad9fd963abc",
    "data": [
      {
        "text": "Enfrentar a ",
        "userDefined": false
      },
      {
        "text": "un",
        "meta": "@sys.ignore",
        "userDefined": false
      },
      {
        "text": " ",
        "userDefined": false
      },
      {
        "text": "poltergeist",
        "alias": "sobrevivir",
        "meta": "@sobrevivir",
        "userDefined": true
      },
      {
        "text": ".",
        "userDefined": false
      }
    ],
    "isTemplate": false,
    "count": 0,
    "updated": 1541589423
  }
]