[
  {
    "id": "5a6f8bcf-3b1b-4a30-8336-46028b15efc0",
    "data": [
      {
        "text": "Debo enfrentar a ",
        "userDefined": false
      },
      {
        "text": "un",
        "meta": "@sys.ignore",
        "userDefined": false
      },
      {
        "text": " ",
        "userDefined": false
      },
      {
        "text": "hombre lobo",
        "alias": "sobrevivir",
        "meta": "@sobrevivir",
        "userDefined": true
      },
      {
        "text": ".",
        "userDefined": false
      }
    ],
    "isTemplate": false,
    "count": 0,
    "updated": 1541589369
  }
]